S,K,PRICE,mu,T,P_IV
434.01,434.0,5.11,8.019569471624266e-05,0.019178082191780823,0.18385
434.01,434.0,5.84,9.003424657534247e-05,0.024657534246575342,0.19002
434.01,434.0,6.21,9.297906602254429e-05,0.0273972602739726,0.19403
434.01,434.0,6.62,9.596676737160121e-05,0.030136986301369864,0.19818
434.01,434.0,7.0,0.0001147857142857143,0.038356164383561646,0.18694
434.01,434.0,7.53,0.00012135458167330677,0.043835616438356165,0.19071
434.01,434.0,8.03,0.0001269738480697385,0.049315068493150684,0.19222
434.01,434.0,8.32,0.00014292067307692307,0.057534246575342465,0.1878
434.01,434.0,8.82,0.00014732426303854876,0.06301369863013699,0.18803
434.01,434.0,9.21,0.00015330076004343104,0.0684931506849315,0.19011
434.01,434.0,9.42,0.00016680467091295117,0.07671232876712329,0.18622
434.01,434.0,9.83,0.00017149542217700917,0.0821917808219178,0.18676
434.01,434.0,10.31,0.00017467507274490787,0.08767123287671233,0.18949
434.01,434.0,10.51,0.00018689819219790674,0.0958904109589041,0.18556
434.01,434.0,11.3,0.00019312389380530975,0.10684931506849316,0.18974
434.01,434.0,14.05,0.0002370391459074733,0.1644931506849315,0.19177
434.01,434.0,16.6,0.0002834096385542168,0.2412054794520548,0.1943
434.01,434.0,17.7,0.00030554237288135596,0.27956164383561644,0.19193
434.01,434.0,19.51,0.0003329318298308559,0.33709589041095894,0.19372
434.01,434.0,22.05,0.0003606848072562358,0.4138082191780822,0.19672
434.01,434.0,22.81,0.00040664620780359495,0.4904109589041096,0.20001
434.01,434.0,23.04,0.0004287673611111111,0.5260273972602739,0.20181
434.01,434.0,28.36,0.00047781382228490835,0.7397260273972602,0.20521
434.01,434.0,28.57,0.0004959957997899895,0.7753424657534247,0.20645
434.01,434.0,32.92,0.0005359173754556501,0.989041095890411,0.20656
429.0,429.0,5.56,9.032374100719424e-05,0.021917808219178082,0.20525
429.0,429.0,6.1,0.00011054098360655738,0.030136986301369864,0.19069
429.0,429.0,6.82,0.0001163049853372434,0.03561643835616438,0.19036
429.0,429.0,7.45,0.00012198657718120805,0.0410958904109589,0.20086
429.0,429.0,7.78,0.0001382262210796915,0.049315068493150684,0.19967
429.0,429.0,8.25,0.00014527272727272726,0.0547945205479452,0.20242
429.0,429.0,8.77,0.0001487799315849487,0.06027397260273973,0.19883
429.0,429.0,9.06,0.00016358719646799119,0.0684931506849315,0.1919
429.0,429.0,9.43,0.00016846235418875927,0.07397260273972603,0.1933
429.0,429.0,9.92,0.00017223790322580646,0.07945205479452055,0.1973
429.0,429.0,10.98,0.00019153005464480873,0.09863013698630137,0.19698
429.0,429.0,11.79,0.0002117896522476675,0.11791780821917808,0.19584
429.0,429.0,12.69,0.00022793538219070133,0.1370958904109589,0.19933
429.0,429.0,15.36,0.00029057942708333334,0.2138082191780822,0.19907
429.0,429.0,16.32,0.0003075551470588235,0.25216438356164383,0.19393
429.0,429.0,18.23,0.0003364454196379594,0.30969863013698634,0.19312
429.0,429.0,20.78,0.0003650240615976901,0.3864109589041096,0.19659
429.0,429.0,21.65,0.0004111685912240185,0.46301369863013697,0.20306
429.0,429.0,22.13,0.00043065973791233617,0.4986301369863014,0.20253
429.0,429.0,27.29,0.00048392085012825207,0.7123287671232876,0.20821
429.0,429.0,27.99,0.0004929796355841372,0.7479452054794521,0.20905
429.0,429.0,31.95,0.0005431830985915493,0.9616438356164384,0.21141
413.01,413.0,5.52,0.00012197463768115942,0.030136986301369864,0.18105
413.01,413.0,6.41,0.00014968798751950076,0.043835616438356165,0.1762
413.01,413.0,7.26,0.00014735537190082646,0.049315068493150684,0.18713
413.01,413.0,7.56,0.0001648941798941799,0.057534246575342465,0.1835
413.01,413.0,8.08,0.00016846534653465345,0.06301369863013699,0.18645
413.01,413.0,8.61,0.0001704878048780488,0.0684931506849315,0.19221
413.01,413.0,8.94,0.00019052572706935124,0.07945205479452055,0.18624
413.01,413.0,9.67,0.0001936918304033092,0.08767123287671233,0.19121
413.01,413.0,9.9,0.0002070909090909091,0.0958904109589041,0.18857
413.01,413.0,10.8,0.0002076111111111111,0.10684931506849316,0.20477
413.01,413.0,11.92,0.00021917785234899328,0.12602739726027398,0.21024
413.01,413.0,12.83,0.00023294621979735,0.14520547945205478,0.21084
413.01,413.0,15.62,0.00026713188220230474,0.20273972602739726,0.21245
413.01,413.0,22.59,0.00032312527667109343,0.3562739726027397,0.22671
413.01,413.0,31.0,0.00039858709677419353,0.6054794520547945,0.23472
413.01,413.0,32.0,0.000409040625,0.6438356164383562,0.23525
420.0,420.0,5.04,0.00016,0.03561643835616438,0.16653
420.0,420.0,5.95,0.00015494117647058822,0.0410958904109589,0.17937
420.0,420.0,6.31,0.0001733597464342314,0.049315068493150684,0.17518
420.0,420.0,6.87,0.00017724890829694324,0.0547945205479452,0.17916
420.0,420.0,7.44,0.00017903225806451616,0.06027397260273973,0.18145
420.0,420.0,7.76,0.00020179123711340207,0.07123287671232877,0.17503
420.0,420.0,7.98,0.0002038220551378446,0.07397260273972603,0.17705
420.0,420.0,8.48,0.00020536556603773586,0.07945205479452055,0.17908
420.0,420.0,8.72,0.00022079128440366972,0.08767123287671233,0.17685
420.0,420.0,9.34,0.0002177730192719486,0.09315068493150686,0.183
420.0,420.0,9.6,0.00022010416666666665,0.09863013698630137,0.19365
420.0,420.0,10.7,0.00023219626168224298,0.1178082191780822,0.19983
420.0,420.0,11.64,0.0002475601374570447,0.136986301369863,0.20054
420.0,420.0,14.45,0.00028314186851211075,0.19452054794520549,0.20498
420.0,420.0,18.4,0.0003113152173913044,0.2713424657534247,0.21413
420.0,420.0,21.31,0.00034204129516658845,0.34805479452054794,0.22065
420.0,420.0,22.44,0.0003590597147950089,0.3864109589041096,0.22209
420.0,420.0,23.43,0.0003946649594536918,0.44394520547945204,0.22259
420.0,420.0,30.09,0.00041434695912263207,0.5972602739726027,0.22979
420.0,420.0,30.46,0.00043443860801050554,0.6356164383561644,0.23118
420.0,420.0,37.15,0.00047397846567967696,0.8465753424657534,0.23491
420.0,420.0,37.7,0.00048521750663129966,0.8849315068493151,0.2331
420.0,420.0,42.49,0.0005339609319839963,1.095890410958904,0.23546
420.0,420.0,47.88,0.0005784899749373434,1.3453150684931507,0.23602
420.0,420.0,49.0,0.0006025142857142856,1.4412054794520548,0.23018
420.0,420.0,56.51,0.0006669810652981773,1.8630136986301369,0.2371
420.0,420.0,64.0,0.00073554375,2.3617534246575342,0.23547
296.99,297.0,5.11,0.00011749510763209392,0.038356164383561646,0.21558
296.99,297.0,5.69,0.000119402460456942,0.043835616438356165,0.22647
296.99,297.0,5.99,0.000133338898163606,0.052054794520547946,0.2181
296.99,297.0,6.55,0.0001330381679389313,0.057534246575342465,0.22852
296.99,297.0,7.05,0.00013463829787234042,0.06301369863013699,0.23231
296.99,297.0,7.28,0.00014701923076923076,0.07123287671232877,0.22768
296.99,297.0,7.71,0.0001495330739299611,0.07671232876712329,0.23371
296.99,297.0,7.88,0.00014545685279187818,0.0821917808219178,0.24342
296.99,297.0,8.0,0.0001563625,0.09041095890410959,0.23819
296.99,297.0,8.21,0.0001594397076735688,0.0958904109589041,0.24173
296.99,297.0,8.57,0.000160536756126021,0.10136986301369863,0.24152
296.99,297.0,8.91,0.00017047138047138048,0.11232876712328767,0.24
296.99,297.0,10.71,0.00019761904761904763,0.1589041095890411,0.24267
296.99,297.0,14.14,0.0002377227722772277,0.2547945205479452,0.24923
296.99,297.0,16.16,0.0002635457920792079,0.3315068493150685,0.25293
296.99,297.0,16.87,0.0002751393005334914,0.3643835616438356,0.25231
296.99,297.0,17.95,0.00028794986072423404,0.40821917808219177,0.25453
296.99,297.0,20.65,0.0003065133171912833,0.5042191780821917,0.26198
296.99,297.0,22.05,0.0003257369614512472,0.580931506849315,0.26124
296.99,297.0,22.56,0.00033698138297872336,0.6165479452054794,0.2592
296.99,297.0,23.13,0.0003494033722438392,0.6576438356164384,0.25673
296.99,297.0,25.31,0.0003963453180561043,0.8301369863013699,0.25077
296.99,297.0,25.44,0.0004099528301886793,0.863013698630137,0.24965
296.99,297.0,31.47,0.0005740800762631077,1.5781917808219177,0.23178
362.49,362.5,8.46,0.00023165484633569735,0.12054794520547946,0.17838
381.99,382.0,5.97,8.45393634840871e-05,0.024657534246575342,0.23396
381.99,382.0,6.89,8.833091436865022e-05,0.030136986301369864,0.24602
381.99,382.0,7.26,0.00010610192837465565,0.038356164383561646,0.23447
381.99,382.0,7.78,0.00011295629820051413,0.043835616438356165,0.23603
381.99,382.0,8.35,0.00011700598802395209,0.049315068493150684,0.23871
381.99,382.0,8.66,0.0001320323325635104,0.057534246575342465,0.23112
381.99,382.0,9.29,0.00013370290635091498,0.06301369863013699,0.23623
381.99,382.0,9.78,0.00013735173824130882,0.0684931506849315,0.23836
381.99,382.0,10.05,0.000149592039800995,0.07671232876712329,0.23315
381.99,382.0,10.52,0.00015292775665399239,0.0821917808219178,0.23473
381.99,382.0,11.02,0.00015554446460980037,0.08767123287671233,0.23751
381.99,382.0,11.24,0.00016670818505338077,0.0958904109589041,0.23326
381.99,382.0,12.38,0.00016740710823909532,0.10684931506849316,0.24134
381.99,382.0,15.13,0.00021002643754130864,0.1643835616438356,0.24733
381.99,382.0,16.56,0.000233804347826087,0.20273972602739726,0.24663
381.99,382.0,18.94,0.00026289862724392815,0.2602739726027397,0.24894
381.99,382.0,24.99,0.00031588235294117647,0.4138082191780822,0.25671
381.99,382.0,25.92,0.00033233796296296294,0.4521643835616438,0.25633
381.99,382.0,32.7,0.00040622324159021397,0.7013698630136986,0.25747
381.99,382.0,38.67,0.0004626325316783036,0.9506849315068493,0.25175
401.01,401.0,5.34,8.923220973782771e-05,0.024657534246575342,0.17761
401.01,401.0,5.74,0.00011008710801393728,0.03287671232876712,0.16932
401.01,401.0,6.57,0.00011203957382039573,0.038356164383561646,0.18345
401.01,401.0,7.14,0.00011861344537815127,0.043835616438356165,0.1885
401.01,401.0,7.46,0.00013394101876675602,0.052054794520547946,0.18224
401.01,401.0,7.96,0.0001394849246231156,0.057534246575342465,0.18683
401.01,401.0,8.52,0.00014295774647887324,0.06301369863013699,0.19048
401.01,401.0,9.26,0.0001607343412526998,0.07671232876712329,0.19035
401.01,401.0,9.98,0.0001653507014028056,0.0821917808219178,0.19804
401.01,401.0,10.22,0.0001775440313111546,0.09041095890410959,0.19487
401.01,401.0,10.78,0.00017796846011131724,0.0958904109589041,0.19902
401.01,401.0,11.31,0.00017928381962864723,0.10136986301369863,0.20418
401.01,401.0,13.08,0.0001992584097859327,0.13972602739726028,0.2094
401.01,401.0,14.6,0.000224986301369863,0.1780821917808219,0.21094
401.01,401.0,17.19,0.0002659394997091332,0.2356164383561644,0.215
401.01,401.0,22.69,0.0003336624063464081,0.38915068493150684,0.22672
401.01,401.0,30.29,0.0004086233080224496,0.6383561643835617,0.23365
401.01,401.0,36.77,0.00048548001087843346,0.9260273972602739,0.23696
375.01,375.0,5.3,2.5264150943396228e-05,0.005479452054794521,0.41739
375.01,375.0,6.54,3.293577981651376e-05,0.010958904109589041,0.42566
375.01,375.0,7.2,5.440277777777778e-05,0.021917808219178082,0.3452
375.01,375.0,7.54,5.838196286472148e-05,0.024657534246575342,0.34562
375.01,375.0,8.37,6.345280764635605e-05,0.030136986301369864,0.34417
375.01,375.0,8.71,7.63145809414466e-05,0.038356164383561646,0.3222
375.01,375.0,9.45,8.089947089947092e-05,0.043835616438356165,0.32401
375.01,375.0,9.75,8.327179487179487e-05,0.04657534246575343,0.32525
375.01,375.0,10.0,8.611e-05,0.049315068493150684,0.3246
375.01,375.0,10.48,9.96087786259542e-05,0.06027397260273973,0.30823
375.01,375.0,10.75,0.00010151627906976745,0.06301369863013699,0.30985
375.01,375.0,11.4,0.00010455263157894737,0.0684931506849315,0.31174
375.01,375.0,11.7,0.00011357264957264956,0.07671232876712329,0.30392
375.01,375.0,12.35,0.0001148744939271255,0.0821917808219178,0.30861
375.01,375.0,12.89,0.00011822342901474011,0.08767123287671233,0.31079
375.01,375.0,13.16,0.00012617021276595743,0.0958904109589041,0.30414
375.01,375.0,14.12,0.0001310127478753541,0.10684931506849316,0.30663
375.01,375.0,15.36,0.00014172526041666665,0.12602739726027398,0.30593
375.01,375.0,18.3,0.00018118579234972676,0.18356164383561643,0.29716
375.01,375.0,21.25,0.00021898352941176469,0.2602739726027397,0.29155
375.01,375.0,22.02,0.00024116257947320616,0.29863013698630136,0.28933
375.01,375.0,24.3,0.0002604320987654321,0.3561643835616438,0.28533
375.01,375.0,26.8,0.00028836194029850746,0.432986301369863,0.28409
375.01,375.0,28.99,0.00031257675060365644,0.5096986301369862,0.2815
375.01,375.0,29.7,0.00032773400673400673,0.548054794520548,0.27851
375.01,375.0,30.81,0.0003494969165855242,0.6055890410958904,0.27577
375.01,375.0,35.2,0.0003808551136363636,0.7589041095890411,0.27005
375.01,375.0,35.33,0.00039832720067930935,0.7972602739726027,0.26848
375.01,375.0,39.81,0.000442235619191158,1.0082191780821919,0.26081
375.01,375.0,43.51,0.0005000275798666973,1.2575342465753425,0.24892
375.01,375.0,47.84,0.0005410263377926422,1.506958904109589,0.24408
375.01,375.0,48.0,0.0005732104166666667,1.602849315068493,0.2459
375.01,375.0,63.0,0.0006667841269841269,2.5233972602739727,0.22603
330.0,330.0,6.94,4.135446685878963e-05,0.01654794520547945,0.3422
330.0,330.0,8.3,4.3710843373493966e-05,0.02202739726027397,0.34862
330.0,330.0,8.88,5.538288288288288e-05,0.03024657534246575,0.32467
330.0,330.0,9.35,6.075935828877005e-05,0.035726027397260274,0.33583
330.0,330.0,10.07,6.48162859980139e-05,0.04120547945205479,0.32449
330.0,330.0,10.45,7.430622009569378e-05,0.049424657534246574,0.32133
330.0,330.0,10.89,7.871441689623508e-05,0.05490410958904109,0.30808
330.0,330.0,11.14,8.440754039497307e-05,0.06038356164383561,0.32001
330.0,330.0,11.9,8.964705882352941e-05,0.0686027397260274,0.30155
330.0,330.0,12.18,9.380952380952381e-05,0.07408219178082191,0.30373
330.0,330.0,12.18,0.00010096059113300493,0.07956164383561644,0.30071
330.0,330.0,12.79,0.00010527756059421423,0.08778082191780821,0.2916
330.0,330.0,13.23,0.00010756613756613757,0.09326027397260274,0.30617
330.0,330.0,13.41,0.0001126696495152871,0.09873972602739725,0.29524
330.0,330.0,14.52,0.00012332644628099175,0.11791780821917808,0.29788
330.0,330.0,15.0,0.00013353333333333334,0.1370958904109589,0.30122
330.0,330.0,16.29,0.00015303253529772866,0.17271232876712328,0.28703
330.0,330.0,16.99,0.00017991171277221898,0.2138082191780822,0.27748
330.0,330.0,20.3,0.0002163152709359606,0.30969863013698634,0.27317
330.0,330.0,21.8,0.0002462477064220183,0.3863013698630137,0.26457
330.0,330.0,22.29,0.0002598026020637057,0.4191780821917808,0.2626
330.0,330.0,23.01,0.00027613646240764886,0.46301369863013697,0.2572
330.0,330.0,24.89,0.00030659702691844114,0.5589041095890411,0.25456
330.0,330.0,25.75,0.0003315378640776699,0.6356164383561644,0.25336
330.0,330.0,26.51,0.0003366804979253112,0.6684931506849315,0.2477
330.0,330.0,29.46,0.00039147997284453493,0.8849315068493151,0.24796
330.0,330.0,29.66,0.0004033142279163857,0.9205479452054794,0.24181
330.0,330.0,31.99,0.00044954360737730546,1.1343561643835618,0.23902
330.0,330.0,32.7,0.0004750397553516819,1.2302465753424658,0.23658
330.0,330.0,33.74,0.0005107705986959099,1.3835616438356164,0.23342
330.0,330.0,35.91,0.0005556975772765247,1.632876712328767,0.23115
330.0,330.0,37.48,0.0006032710779082178,1.8821917808219177,0.2274
330.0,330.0,39.55,0.000635046776232617,2.1316164383561644,0.22659
330.0,330.0,40.0,0.0006537975000000001,2.2275068493150685,0.22192
251.99,252.0,6.38,3.658307210031348e-05,0.01643835616438356,0.48633
251.99,252.0,7.04,3.7755681818181816e-05,0.019178082191780823,0.48425
251.99,252.0,7.8,5.1294871794871794e-05,0.030136986301369864,0.43415
251.99,252.0,8.77,5.340935005701254e-05,0.03561643835616438,0.45427
251.99,252.0,9.42,5.669851380042463e-05,0.0410958904109589,0.46557
251.99,252.0,10.04,6.272908366533864e-05,0.049315068493150684,0.44575
251.99,252.0,10.65,6.547417840375587e-05,0.0547945205479452,0.45481
251.99,252.0,11.26,6.741563055062168e-05,0.06027397260273973,0.46524
251.99,252.0,11.68,7.313356164383561e-05,0.0684931506849315,0.45351
251.99,252.0,12.4,7.405645161290323e-05,0.07397260273972603,0.46069
251.99,252.0,12.82,7.61622464898596e-05,0.07945205479452055,0.45951
251.99,252.0,13.12,8.178353658536586e-05,0.08767123287671233,0.44818
251.99,252.0,13.7,8.298540145985401e-05,0.09315068493150686,0.45211
251.99,252.0,14.15,8.537809187279151e-05,0.09863013698630137,0.45124
251.99,252.0,15.4,9.247402597402599e-05,0.1178082191780822,0.4473
251.99,252.0,18.84,0.00012485668789808917,0.2136986301369863,0.4191
251.99,252.0,19.44,0.0001367798353909465,0.24383561643835616,0.41141
251.99,252.0,20.88,0.00014989942528735633,0.29041095890410956,0.39948
251.99,252.0,23.94,0.00020372598162071844,0.46301369863013697,0.37409
251.99,252.0,23.39,0.00022268918341171443,0.4958904109589041,0.36708
251.99,252.0,24.73,0.00022881116053376466,0.5397260273972603,0.35864
251.99,252.0,26.57,0.00024960858110651107,0.6357260273972603,0.34119
251.99,252.0,27.12,0.0002715302359882006,0.7124383561643837,0.3406
251.99,252.0,27.76,0.00027636167146974063,0.748054794520548,0.33426
251.99,252.0,28.0,0.0002889857142857143,0.7891506849315069,0.32913
251.99,252.0,29.28,0.0003316939890710382,0.9616438356164384,0.3145
251.99,252.0,28.01,0.0003605747947161728,0.9945205479452055,0.30628
274.0,274.0,5.73,4.755671902268761e-05,0.019178082191780823,0.35069
274.0,274.0,6.75,5.0103703703703705e-05,0.024657534246575342,0.36994
274.0,274.0,7.28,6.0673076923076924e-05,0.03287671232876712,0.34975
274.0,274.0,8.12,6.338669950738918e-05,0.038356164383561646,0.36444
274.0,274.0,8.77,6.616875712656784e-05,0.043835616438356165,0.37316
274.0,274.0,9.18,7.446623093681918e-05,0.052054794520547946,0.35852
274.0,274.0,9.88,7.628542510121457e-05,0.057534246575342465,0.3663
274.0,274.0,10.51,7.769743101807801e-05,0.06301369863013699,0.37537
274.0,274.0,10.74,8.511173184357542e-05,0.07123287671232877,0.36328
274.0,274.0,11.31,8.666666666666667e-05,0.07671232876712329,0.36447
274.0,274.0,11.86,8.87858347386172e-05,0.0821917808219178,0.37188
274.0,274.0,12.09,9.508684863523574e-05,0.09041095890410959,0.36172
274.0,274.0,13.05,9.84367816091954e-05,0.10136986301369863,0.36912
274.0,274.0,14.15,0.00010692579505300353,0.12054794520547946,0.36746
274.0,274.0,17.13,0.00013868067717454758,0.19726027397260273,0.35525
274.0,274.0,17.84,0.0001515695067264574,0.2273972602739726,0.34819
274.0,274.0,19.29,0.00016703991705546917,0.273972602739726,0.34541
274.0,274.0,21.76,0.0002350735294117647,0.4465753424657534,0.31723
274.0,274.0,22.2,0.00024603153153153153,0.4794520547945205,0.32219
274.0,274.0,22.96,0.00025785714285714284,0.5232876712328767,0.31239
274.0,274.0,24.58,0.000283486574450773,0.6192876712328766,0.30731
274.0,274.0,26.43,0.0002933257661748013,0.696,0.30728
274.0,274.0,25.8,0.00031388372093023255,0.7316164383561644,0.3089
274.0,274.0,26.91,0.0003185395763656633,0.7727123287671234,0.30299
274.0,274.0,27.58,0.0003758121827411167,0.9452054794520548,0.28493
274.0,274.0,28.38,0.0003739922480620155,0.9780821917808219,0.28229
279.01,279.0,6.01,5.039933444259568e-05,0.021917808219178082,0.31483
279.01,279.0,6.58,6.205167173252279e-05,0.030136986301369864,0.30122
279.01,279.0,7.27,6.576341127922971e-05,0.03561643835616438,0.31392
279.01,279.0,8.03,6.783312577833126e-05,0.0410958904109589,0.32845
279.01,279.0,8.51,7.585193889541716e-05,0.049315068493150684,0.31865
279.01,279.0,9.19,7.737758433079435e-05,0.0547945205479452,0.32928
279.01,279.0,9.94,7.841046277665996e-05,0.06027397260273973,0.33671
279.01,279.0,10.29,8.558794946550048e-05,0.0684931506849315,0.32921
279.01,279.0,10.86,8.752302025782688e-05,0.07397260273972603,0.3354
279.01,279.0,11.39,8.933274802458297e-05,0.07945205479452055,0.34295
279.01,279.0,11.72,9.859215017064847e-05,0.09041095890410959,0.33388
279.01,279.0,12.0,9.885833333333333e-05,0.09315068493150686,0.33396
279.01,279.0,12.5,0.00010059199999999999,0.09863013698630137,0.33797
279.01,279.0,13.66,0.00010936310395314788,0.1178082191780822,0.34421
279.01,279.0,15.55,0.00012237299035369774,0.15616438356164383,0.34989
279.01,279.0,16.54,0.00013496372430471586,0.1863013698630137,0.34672
279.01,279.0,18.33,0.00015051827605019096,0.2328767123287671,0.34338
279.01,279.0,21.67,0.00017777111213659438,0.3287671232876712,0.34128
279.01,279.0,23.4,0.0001982051282051282,0.4054794520547945,0.33752
279.01,279.0,23.93,0.0002083117425825324,0.4383561643835616,0.33288
279.01,279.0,25.02,0.0002183693045563549,0.4821917808219178,0.33114
279.01,279.0,27.27,0.0002387898789878988,0.5781917808219178,0.32866
279.01,279.0,28.38,0.0002557646229739253,0.6549041095890411,0.32466
279.01,279.0,28.79,0.0002651927752691907,0.6905205479452055,0.32067
279.01,279.0,29.27,0.0002753775196446874,0.7316164383561644,0.31684
279.01,279.0,31.01,0.0003169074492099323,0.9041095890410958,0.30374
279.01,279.0,30.37,0.0003354494567006915,0.936986301369863,0.30153
279.01,279.0,35.69,0.00047906696553656487,1.6521643835616437,0.26437
371.99,372.0,5.27,0.00015415559772296016,0.043835616438356165,0.16569
371.99,372.0,5.63,0.00017912966252220248,0.0547945205479452,0.15901
371.99,372.0,5.89,0.00017945670628183362,0.057534246575342465,0.15735
371.99,372.0,6.33,0.00018240126382306477,0.06301369863013699,0.16716
371.99,372.0,6.64,0.00019585843373493976,0.07123287671232877,0.16501
371.99,372.0,7.05,0.0001969078014184397,0.07671232876712329,0.17017
371.99,372.0,7.49,0.00019921228304405875,0.0821917808219178,0.17243
371.99,372.0,7.71,0.00021138780804150456,0.09041095890410959,0.17129
371.99,372.0,8.56,0.00021269859813084112,0.10136986301369863,0.17736
371.99,372.0,10.28,0.0002469260700389105,0.13972602739726028,0.18298
371.99,372.0,13.48,0.00027448813056379825,0.21632876712328766,0.19509
371.99,372.0,14.16,0.0002977189265536723,0.2492054794520548,0.19432
371.99,372.0,15.44,0.0003183225388601036,0.29304109589041094,0.19658
371.99,372.0,18.17,0.00035647771051183265,0.3889315068493151,0.19934
371.99,372.0,19.92,0.00038047188755020077,0.46564383561643835,0.20362
371.99,372.0,20.4,0.00039509803921568634,0.4985205479452055,0.20277
371.99,372.0,24.82,0.00045212328767123283,0.714958904109589,0.20592
371.99,372.0,25.27,0.0004639493470518402,0.7505753424657534,0.20517
371.99,372.0,28.39,0.0005163860514265587,0.9643835616438357,0.20822
311.99,312.0,5.4,7.400000000000001e-05,0.024657534246575342,0.2557
311.99,312.0,5.93,9.419898819561551e-05,0.03561643835616438,0.23703
311.99,312.0,6.49,9.89060092449923e-05,0.0410958904109589,0.24417
311.99,312.0,7.02,0.00010215099715099715,0.04657534246575343,0.24807
311.99,312.0,7.34,0.00011415531335149865,0.0547945205479452,0.24129
311.99,312.0,7.85,0.00011682802547770701,0.06027397260273973,0.24674
311.99,312.0,8.32,0.00011908653846153846,0.06575342465753424,0.24966
311.99,312.0,8.57,0.00013008168028004667,0.07397260273972603,0.24563
311.99,312.0,9.01,0.00013174250832408436,0.07945205479452055,0.24846
311.99,312.0,9.42,0.00013447983014861994,0.08493150684931507,0.25239
311.99,312.0,9.7,0.0001433917525773196,0.09315068493150686,0.24807
311.99,312.0,10.49,0.0001469208770257388,0.10410958904109589,0.25471
311.99,312.0,13.22,0.00017793494704992436,0.16164383561643836,0.25868
311.99,312.0,16.05,0.0002080872274143302,0.23835616438356164,0.26538
311.99,312.0,16.82,0.00022271105826397145,0.27123287671232876,0.26259
311.99,312.0,18.07,0.0002387382401770891,0.3150684931506849,0.26388
311.99,312.0,21.2,0.00026125471698113206,0.4110684931506849,0.27135
311.99,312.0,22.64,0.0002831492932862191,0.4877808219178082,0.26988
311.99,312.0,22.32,0.00030763440860215053,0.5233972602739726,0.26695
311.99,312.0,22.96,0.00032081445993031356,0.5644931506849314,0.26417
311.99,312.0,26.17,0.000360855941918227,0.736986301369863,0.25855
311.99,312.0,26.49,0.0003692374480936202,0.7698630136986301,0.25614
311.99,312.0,28.7,0.00042647386759581883,0.9863013698630136,0.25015
311.99,312.0,33.01,0.0005319236594971221,1.4850410958904108,0.23912
380.01,380.0,5.24,4.639312977099236e-05,0.010958904109589041,0.3037
380.01,380.0,5.66,7.000000000000001e-05,0.019178082191780823,0.25657
380.01,380.0,6.37,7.94348508634223e-05,0.024657534246575342,0.25639
380.01,380.0,7.09,8.667136812411848e-05,0.030136986301369864,0.25773
380.01,380.0,7.43,0.00010271870794078061,0.038356164383561646,0.24048
380.01,380.0,8.06,0.00010918114143920595,0.043835616438356165,0.24243
380.01,380.0,8.28,0.00011886473429951692,0.049315068493150684,0.23493
380.01,380.0,8.61,0.0001326829268292683,0.057534246575342465,0.22713
380.01,380.0,9.14,0.00013557986870897155,0.06301369863013699,0.2291
380.01,380.0,9.8,0.00013733673469387751,0.0684931506849315,0.23675
380.01,380.0,10.08,0.000149375,0.07671232876712329,0.22961
380.01,380.0,10.54,0.00015347248576850093,0.0821917808219178,0.23269
380.01,380.0,11.09,0.00015484220018034266,0.08767123287671233,0.23469
380.01,380.0,11.33,0.00016614298323036186,0.0958904109589041,0.22972
380.01,380.0,12.69,0.00015985027580772262,0.10684931506849316,0.25296
380.01,380.0,13.32,0.00017837087087087087,0.12602739726027398,0.24723
380.01,380.0,13.76,0.00019863372093023257,0.14520547945205478,0.24213
380.01,380.0,16.68,0.0002285611510791367,0.20273972602739726,0.23988
380.01,380.0,20.44,0.0002589041095890411,0.27945205479452057,0.24431
380.01,380.0,23.38,0.00028707014542343886,0.35605479452054795,0.24579
380.01,380.0,24.08,0.000307171926910299,0.3944109589041096,0.24615
380.01,380.0,26.54,0.00031923134890730974,0.45194520547945205,0.24749
380.01,380.0,32.23,0.0003517747440273038,0.6053698630136987,0.25039
380.01,380.0,32.74,0.0003673304825901038,0.6437260273972603,0.24902
380.01,380.0,38.99,0.00040780713003334184,0.8546849315068492,0.25114
380.01,380.0,39.52,0.0004186386639676113,0.8930410958904109,0.25069
380.01,380.0,45.18,0.0004502478972996901,1.104109589041096,0.25113
380.01,380.0,45.0,0.0004900933333333334,1.2,0.24974
380.01,380.0,54.0,0.0005430185185185185,1.6218082191780823,0.2524
380.01,380.0,63.0,0.000594,2.1205479452054794,0.24712
380.01,380.0,63.51,0.0006082821602897182,2.197260273972603,0.24049
382.0,382.0,5.17,3.212765957446809e-05,0.00821917808219178,0.30084
382.0,382.0,5.67,5.513227513227514e-05,0.01643835616438356,0.2519
382.0,382.0,6.36,6.463836477987422e-05,0.021917808219178082,0.25141
382.0,382.0,7.12,7.192415730337078e-05,0.0273972602739726,0.25322
382.0,382.0,7.47,8.911646586345382e-05,0.03561643835616438,0.23551
382.0,382.0,8.12,9.513546798029558e-05,0.0410958904109589,0.23897
382.0,382.0,8.35,0.00010364071856287426,0.04657534246575343,0.23181
382.0,382.0,8.7,0.00011582758620689657,0.0547945205479452,0.22417
382.0,382.0,9.25,0.0001248756756756757,0.06027397260273973,0.22668
382.0,382.0,9.96,0.00012724899598393573,0.06575342465753424,0.23443
382.0,382.0,10.24,0.000139287109375,0.07397260273972603,0.22893
382.0,382.0,10.74,0.00014178770949720672,0.07945205479452055,0.23112
382.0,382.0,11.27,0.00014494232475598934,0.08493150684931507,0.23383
382.0,382.0,11.53,0.00015497831743278403,0.09315068493150686,0.22858
382.0,382.0,12.6,0.0001495079365079365,0.09863013698630137,0.24378
382.0,382.0,12.87,0.00014432012432012432,0.10410958904109589,0.25174
382.0,382.0,13.53,0.00016080561714708057,0.1232876712328767,0.24633
382.0,382.0,14.02,0.00017859486447931527,0.14246575342465753,0.24053
382.0,382.0,16.95,0.00021906194690265486,0.2,0.24006
382.0,382.0,20.78,0.00024928777670837345,0.27671232876712326,0.24357
382.0,382.0,23.72,0.00027787942664418214,0.3533150684931507,0.2452
382.0,382.0,24.75,0.00029376969696969695,0.39167123287671235,0.24648
382.0,382.0,32.36,0.0003463658838071694,0.6026301369863014,0.25033
382.0,382.0,33.33,0.0003562976297629763,0.640986301369863,0.24979
382.0,382.0,39.0,0.00041982051282051284,0.8903013698630137,0.25206
317.01,317.0,5.12,0.00012466796875,0.038356164383561646,0.20138
317.01,317.0,5.67,0.00012821869488536156,0.043835616438356165,0.20904
317.01,317.0,6.13,0.00013241435562805874,0.049315068493150684,0.21351
317.01,317.0,6.48,0.00014492283950617282,0.057534246575342465,0.21131
317.01,317.0,7.0,0.00014534285714285714,0.06301369863013699,0.21715
317.01,317.0,7.47,0.00014763052208835342,0.0684931506849315,0.22146
317.01,317.0,7.76,0.00015780927835051545,0.07671232876712329,0.21616
317.01,317.0,8.14,0.00016131449631449633,0.0821917808219178,0.22202
317.01,317.0,8.57,0.00016281213535589264,0.08767123287671233,0.22593
317.01,317.0,8.71,0.00017510907003444312,0.0958904109589041,0.21896
317.01,317.0,9.57,0.00017599791013584118,0.10684931506849316,0.22661
317.01,317.0,10.5,0.00018788571428571428,0.12602739726027398,0.22962
317.01,317.0,13.47,0.00021936154417223462,0.20273972602739726,0.2416
317.01,317.0,14.31,0.0002364430468204053,0.2356164383561644,0.24184
317.01,317.0,15.65,0.000253405750798722,0.27945205479452057,0.24463
317.01,317.0,19.16,0.0002736534446764092,0.37545205479452054,0.25578
317.01,317.0,20.4,0.00030125000000000003,0.4521643835616438,0.25458
317.01,317.0,20.98,0.0003151954242135367,0.4877808219178082,0.25142
317.01,317.0,21.57,0.000331080203987019,0.5288767123287671,0.25048
317.01,317.0,24.05,0.00038356756756756757,0.7013698630136986,0.24336
317.01,317.0,23.31,0.00041261261261261263,0.7342465753424657,0.24115
317.01,317.0,26.9,0.0004540557620817844,0.9506849315068493,0.23592
317.01,317.0,26.83,0.0004687737607156168,0.9835616438356164,0.24028
317.01,317.0,31.41,0.0005613371537726839,1.4494246575342464,0.22877
325.01,325.0,5.18,0.00014444015444015442,0.043835616438356165,0.18194
325.01,325.0,5.4,0.00016168518518518517,0.052054794520547946,0.17728
325.01,325.0,5.83,0.00016428816466552317,0.057534246575342465,0.17978
325.01,325.0,6.16,0.00016948051948051948,0.06301369863013699,0.1853
325.01,325.0,6.47,0.0001813292117465224,0.07123287671232877,0.18396
325.01,325.0,6.87,0.0001843231441048035,0.07671232876712329,0.18525
325.01,325.0,7.21,0.00018754507628294037,0.0821917808219178,0.19029
325.01,325.0,7.55,0.00019512582781456954,0.09041095890410959,0.18817
325.01,325.0,7.91,0.00019701643489254109,0.0958904109589041,0.1943
325.01,325.0,8.29,0.00019827503015681545,0.10136986301369863,0.19624
325.01,325.0,9.8,0.00021667346938775508,0.13972602739726028,0.20803
325.01,325.0,10.84,0.00023672509225092253,0.1726027397260274,0.20938
325.01,325.0,12.59,0.000251691818903892,0.21643835616438356,0.21838
325.01,325.0,16.84,0.0002679453681710214,0.3124383561643836,0.24127
325.01,325.0,18.79,0.0002901224055348589,0.38915068493150684,0.24459
325.01,325.0,19.18,0.00030866006256517205,0.4247671232876712,0.24156
325.01,325.0,19.98,0.0003235135135135135,0.4658630136986301,0.24004
325.01,325.0,22.86,0.00037815398075240593,0.6383561643835617,0.2374
325.01,325.0,23.18,0.0003909792924935289,0.6712328767123288,0.23501
325.01,325.0,26.0,0.00044946923076923074,0.8876712328767123,0.23081
325.01,325.0,26.33,0.0004587618685909609,0.9205479452054794,0.22996
325.01,325.0,28.73,0.0005073163940132266,1.1369863013698631,0.22737
325.01,325.0,30.88,0.0005607512953367875,1.3864109589041096,0.22434
325.01,325.0,31.85,0.0005784050235478807,1.4823013698630136,0.22328
325.01,325.0,33.0,0.000606969696969697,1.6356164383561644,0.22267
325.01,325.0,34.99,0.000646744784224064,1.884931506849315,0.22189
325.01,325.0,38.26,0.0007212258233141662,2.3836712328767122,0.21927
302.51,302.5,8.24,4.125e-05,0.02180821917808219,0.38949
302.51,302.5,10.28,7.74124513618677e-05,0.06016438356164384,0.33591
302.51,302.5,11.43,9.05774278215223e-05,0.07934246575342466,0.32164
302.51,302.5,12.14,0.00010287479406919276,0.09578082191780822,0.31619
302.51,302.5,13.7,0.00012907299270072993,0.13687671232876714,0.30227
242.0,242.0,5.9,1.1711864406779662e-05,0.0027397260273972603,0.7079
242.0,242.0,8.71,1.4776119402985072e-05,0.00821917808219178,0.76401
242.0,242.0,9.68,2.3894628099173555e-05,0.01643835616438356,0.66058
242.0,242.0,10.58,2.48109640831758e-05,0.019178082191780823,0.66825
242.0,242.0,11.05,2.6579185520361993e-05,0.021917808219178082,0.67027
242.0,242.0,12.05,2.9726141078838173e-05,0.0273972602739726,0.66475
242.0,242.0,12.59,3.584590945194599e-05,0.03561643835616438,0.6152
242.0,242.0,13.32,3.8866366366366366e-05,0.0410958904109589,0.60942
242.0,242.0,13.64,3.998533724340176e-05,0.043835616438356165,0.61291
242.0,242.0,13.87,4.8896899783705844e-05,0.0547945205479452,0.55528
242.0,242.0,14.44,5.1211911357340724e-05,0.06027397260273973,0.55483
242.0,242.0,14.87,5.396099529253531e-05,0.06575342465753424,0.55357
242.0,242.0,15.16,5.9096306068601586e-05,0.07397260273972603,0.53493
242.0,242.0,15.49,6.18463524854745e-05,0.07945205479452055,0.52351
242.0,242.0,15.94,6.366373902132999e-05,0.08493150684931507,0.52481
242.0,242.0,16.81,7.347412254610352e-05,0.10410958904109589,0.50619
242.0,242.0,18.43,9.00868149755833e-05,0.14246575342465753,0.4775
242.0,242.0,20.39,0.00013382050024521823,0.23835616438356164,0.41933
242.0,242.0,20.52,0.00014782651072124756,0.2684931506849315,0.40722
242.0,242.0,21.26,0.00015821260583254938,0.3150684931506849,0.39019
242.0,242.0,21.9,0.00023249315068493148,0.4876712328767123,0.34692
242.0,242.0,22.19,0.00024311852185669218,0.5205479452054794,0.32912
242.0,242.0,22.19,0.00026299684542586754,0.5643835616438356,0.31644
242.0,242.0,22.92,0.00029609075043630017,0.6603835616438356,0.30473
242.0,242.0,23.55,0.00031639065817409763,0.7370958904109589,0.30593
242.0,242.0,23.61,0.0003299449385853452,0.7727123287671234,0.30328
242.0,242.0,24.35,0.00033675975359342915,0.8138082191780822,0.28823
242.0,242.0,24.5,0.000402,0.9863013698630136,0.27649
254.0,254.0,6.02,2.6312292358803987e-05,0.010958904109589041,0.54937
254.0,254.0,7.28,2.520604395604396e-05,0.0136986301369863,0.59222
254.0,254.0,9.11,2.712403951701427e-05,0.019178082191780823,0.63805
254.0,254.0,10.16,3.375984251968503e-05,0.0273972602739726,0.60084
254.0,254.0,11.44,3.5209790209790216e-05,0.03287671232876712,0.62407
254.0,254.0,11.94,3.6139028475711895e-05,0.03561643835616438,0.62572
254.0,254.0,12.58,4.399841017488076e-05,0.04657534246575343,0.58146
254.0,254.0,13.62,4.5205580029368575e-05,0.052054794520547946,0.58937
254.0,254.0,14.39,4.6664350243224464e-05,0.057534246575342465,0.5972
254.0,254.0,14.73,5.159538357094365e-05,0.06575342465753424,0.57531
254.0,254.0,15.26,5.405635648754914e-05,0.07123287671232877,0.57112
254.0,254.0,15.83,5.547062539481996e-05,0.07671232876712329,0.57216
254.0,254.0,17.11,6.373465809468147e-05,0.0958904109589041,0.55475
254.0,254.0,19.12,7.82060669456067e-05,0.13424657534246576,0.52256
254.0,254.0,21.22,0.00011642318567389255,0.23013698630136986,0.44997
254.0,254.0,21.58,0.00012843836886005562,0.2602739726027397,0.43451
254.0,254.0,22.45,0.0001441870824053452,0.30684931506849317,0.41538
254.0,254.0,24.27,0.00020407086938607335,0.4794520547945205,0.36782
254.0,254.0,24.5,0.0002150938775510204,0.5123287671232877,0.35829
254.0,254.0,25.01,0.00022770091963214713,0.5561643835616439,0.35114
254.0,254.0,26.17,0.00025520061138708443,0.6521643835616439,0.33946
254.0,254.0,26.59,0.0002753290710793531,0.7288767123287672,0.33097
254.0,254.0,26.89,0.00028613611007809593,0.7644931506849315,0.32815
254.0,254.0,27.21,0.0002971738331495774,0.8055890410958905,0.32154
254.0,254.0,28.28,0.00034302687411598307,0.9780821917808219,0.3057
336.99,337.0,5.14,0.00027616731517509724,0.09852054794520548,0.11531
336.99,337.0,5.32,0.00029374060150375936,0.10947945205479452,0.11261
336.99,337.0,5.58,0.0002998028673835125,0.11769863013698631,0.11398
336.99,337.0,6.43,0.0003436236391912908,0.15605479452054793,0.1126
336.99,337.0,8.46,0.00039868794326241127,0.2327671232876712,0.11703
336.99,337.0,10.54,0.0004423908918406072,0.32865753424657534,0.12327
336.99,337.0,10.77,0.0004652181987000929,0.35879452054794525,0.12134
336.99,337.0,11.52,0.0004870659722222223,0.40536986301369865,0.12169
336.99,337.0,14.35,0.0005464529616724739,0.5779726027397261,0.12521
336.99,337.0,14.64,0.0005589754098360656,0.6108493150684932,0.12406
336.99,337.0,15.18,0.0005739855072463768,0.6546849315068494,0.12503
336.99,337.0,16.98,0.0005880035335689046,0.7506849315068493,0.12954
336.99,337.0,17.77,0.0006051435002813731,0.8273972602739726,0.12968
336.99,337.0,18.14,0.0006136383682469681,0.863013698630137,0.12864
336.99,337.0,18.48,0.000627288961038961,0.9041095890410958,0.12759
336.99,337.0,20.38,0.0006634445534838077,1.0766027397260274,0.12807
336.99,337.0,27.13,0.0007719867305565793,1.8246575342465754,0.12834
429.99,430.0,5.6,3.9410714285714286e-05,0.00821917808219178,0.32127
429.99,430.0,6.78,5.8097345132743365e-05,0.01643835616438356,0.29552
429.99,430.0,7.91,6.31984829329962e-05,0.021917808219178082,0.3031
429.99,430.0,8.8,7.022727272727272e-05,0.0273972602739726,0.30461
429.99,430.0,9.51,8.260778128286015e-05,0.03550684931506849,0.28522
429.99,430.0,10.71,8.388422035480859e-05,0.04098630136986302,0.30187
429.99,430.0,11.15,9.147085201793722e-05,0.04646575342465754,0.31809
429.99,430.0,11.46,0.00010356020942408377,0.05468493150684932,0.31026
429.99,430.0,11.89,0.00010932716568544996,0.06016438356164384,0.30413
429.99,430.0,12.46,0.00011321829855537721,0.06564383561643836,0.3069
429.99,430.0,12.54,0.00012584529505582138,0.07386301369863014,0.2945
429.99,430.0,13.16,0.00012996200607902735,0.07934246575342466,0.29265
429.99,430.0,13.4,0.00013119402985074628,0.08208219178082192,0.29351
429.99,430.0,13.56,0.0001338716814159292,0.08482191780821918,0.29599
429.99,430.0,13.61,0.00014651726671565025,0.09304109589041096,0.28597
429.99,430.0,14.14,0.0001498939179632249,0.09852054794520548,0.28574
429.99,430.0,14.56,0.00015526098901098902,0.10400000000000001,0.28884
429.99,430.0,15.54,0.00016307593307593305,0.12043835616438356,0.28257
429.99,430.0,20.16,0.0002254613095238095,0.2190684931506849,0.26531
429.99,430.0,22.68,0.00025470899470899467,0.2957808219178082,0.26088
429.99,430.0,22.1,0.00029161538461538463,0.3313972602739726,0.25696
429.99,430.0,24.67,0.0002919497365220916,0.37249315068493155,0.25363
429.99,430.0,27.49,0.00034396507821025826,0.46838356164383566,0.25122
429.99,430.0,28.38,0.00038547216349541934,0.545095890410959,0.24831
429.99,430.0,29.96,0.0003831275033377837,0.5834520547945206,0.24842
429.99,430.0,34.71,0.0004515125324114088,0.7945205479452054,0.24511
429.99,430.0,33.5,0.00048711641791044773,0.8328767123287671,0.24168
429.99,430.0,35.06,0.0005020650313747861,0.8904109589041096,0.23908
429.99,430.0,38.23,0.0005348783677739996,1.0437260273972602,0.23672
429.99,430.0,42.35,0.0005948524203069658,1.2930410958904108,0.23391
429.99,430.0,49.37,0.0006950921612315171,1.7917808219178082,0.22558
429.99,430.0,52.01,0.0006918054220342242,1.8876712328767122,0.22508
429.99,430.0,62.5,0.0008337088,2.808219178082192,0.21563
332.01,332.0,6.67,0.00038698650674662673,0.1724931506849315,0.10552
332.01,332.0,6.99,0.0004209585121602289,0.20263013698630136,0.10347
332.01,332.0,7.89,0.00045223067173637515,0.2492054794520548,0.10552
332.01,332.0,9.53,0.0004919832109129067,0.32591780821917804,0.10975
332.01,332.0,11.34,0.000526005291005291,0.4218082191780822,0.11504
332.01,332.0,11.53,0.0005454293148308759,0.45194520547945205,0.11349
332.01,332.0,14.92,0.0006065013404825737,0.6711232876712329,0.1185
332.01,332.0,15.18,0.0006193544137022398,0.704,0.11848
332.01,332.0,15.73,0.0006311188811188812,0.747835616438356,0.1189
332.01,332.0,17.63,0.0006345887691435055,0.8438356164383561,0.12468
332.01,332.0,18.32,0.0006546069868995633,0.9205479452054794,0.12474
332.01,332.0,18.67,0.0006617889662560257,0.9561643835616438,0.12396
332.01,332.0,19.06,0.0006726495278069257,0.9972602739726028,0.1236
332.01,332.0,20.98,0.0007043898951382269,1.1697534246575343,0.12438
332.01,332.0,28.15,0.0007966678507992896,1.917808219178082,0.12616
454.99,455.0,5.59,0.00010622540250447228,0.024657534246575342,0.19312
454.99,455.0,6.5,0.00011055384615384614,0.030136986301369864,0.20044
454.99,455.0,6.95,0.00012964028776978417,0.038356164383561646,0.18969
454.99,455.0,7.57,0.00013541611624834875,0.043835616438356165,0.19604
454.99,455.0,8.2,0.0001394268292682927,0.049315068493150684,0.19919
454.99,455.0,8.5,0.00015614117647058825,0.057534246575342465,0.19284
454.99,455.0,8.99,0.00016112347052280312,0.06301369863013699,0.19464
454.99,455.0,9.58,0.0001636743215031315,0.0684931506849315,0.19753
454.99,455.0,9.78,0.000184918200408998,0.07945205479452055,0.18433
454.99,455.0,9.96,0.00018760040160642567,0.0821917808219178,0.19004
454.99,455.0,10.49,0.00018996186844613919,0.08767123287671233,0.19288
454.99,455.0,10.7,0.00020344859813084112,0.0958904109589041,0.1891
454.99,455.0,11.71,0.00020618274978650725,0.10684931506849316,0.19474
454.99,455.0,14.72,0.0002487907608695652,0.1643835616438356,0.1953
454.99,455.0,17.91,0.0002964433277498604,0.240986301369863,0.20464
454.99,455.0,18.96,0.00032020569620253166,0.2766027397260274,0.20636
454.99,455.0,20.42,0.0003370763956904995,0.31495890410958904,0.20857
454.99,455.0,23.85,0.0003751446540880503,0.41358904109589045,0.20914
454.99,455.0,25.0,0.00042155199999999995,0.4903013698630137,0.21474
454.99,455.0,26.56,0.00042526731927710845,0.5259178082191781,0.21852
454.99,455.0,31.05,0.0005021739130434782,0.7396164383561643,0.21813
454.99,455.0,31.56,0.0005070912547528517,0.777972602739726,0.21833
454.99,455.0,37.51,0.0005166995467875233,0.989041095890411,0.22358
454.99,455.0,38.05,0.0005570170827858082,1.084931506849315,0.21789
454.99,455.0,41.4,0.0005776425120772946,1.2382465753424656,0.21922
454.99,455.0,46.0,0.0006692934782608696,1.4875616438356165,0.21934
454.99,455.0,52.66,0.000756686289403722,1.9863013698630136,0.21752
454.99,455.0,55.0,0.0007548327272727273,2.0821917808219177,0.21711
454.99,455.0,64.0,0.00091195,3.0027397260273974,0.21081
463.01,463.0,5.13,0.00013294346978557503,0.0273972602739726,0.15892
463.01,463.0,5.62,0.00015234875444839857,0.03561643835616438,0.15344
463.01,463.0,6.28,0.00015737261146496815,0.0410958904109589,0.16076
463.01,463.0,6.95,0.0001596978417266187,0.04657534246575343,0.16463
463.01,463.0,8.33,0.00018498199279711884,0.06575342465753424,0.16816
463.01,463.0,8.63,0.00020682502896871377,0.07671232876712329,0.16164
463.01,463.0,9.35,0.00021083422459893049,0.08493150684931507,0.1674
463.01,463.0,10.61,0.00022617342130065975,0.10410958904109589,0.17218
463.01,463.0,13.68,0.00026880847953216375,0.16164383561643836,0.17733
463.01,463.0,16.93,0.00030319551092734793,0.23824657534246574,0.18852
463.01,463.0,17.97,0.00032463550361713973,0.27386301369863014,0.18049
463.01,463.0,19.51,0.0003383290620194771,0.31221917808219174,0.19095
463.01,463.0,23.04,0.00037483506944444446,0.41084931506849315,0.19652
463.01,463.0,23.76,0.00042335858585858585,0.48756164383561645,0.1999
463.01,463.0,24.43,0.00043929185427752764,0.5231780821917809,0.19944
463.01,463.0,30.21,0.0004913339953657729,0.7368767123287671,0.21003
463.01,463.0,30.89,0.0005025056652638394,0.7752328767123287,0.20184
427.49,427.5,5.73,0.00033303664921465967,0.08767123287671233,0.11001
427.49,427.5,6.53,0.0003524655436447167,0.10684931506849316,0.11389
440.99,441.0,5.21,0.0002722648752399232,0.06301369863013699,0.11596
440.99,441.0,5.65,0.00027100884955752214,0.0684931506849315,0.12011
440.99,441.0,5.85,0.0002929401709401709,0.07671232876712329,0.11911
440.99,441.0,6.83,0.0002848462664714495,0.08767123287671233,0.13029
440.99,441.0,7.94,0.0002966876574307305,0.10684931506849316,0.13544
440.99,441.0,9.24,0.000322521645021645,0.14520547945205478,0.14255
440.99,441.0,10.42,0.000349126679462572,0.18082191780821918,0.14663
440.99,441.0,11.92,0.00037288590604026846,0.2219178082191781,0.14989
440.99,441.0,15.26,0.0004167562254259502,0.3179178082191781,0.1603
440.99,441.0,17.23,0.00044514799767846774,0.39463013698630134,0.16555
440.99,441.0,17.93,0.00046660345789180147,0.432986301369863,0.16561
440.99,441.0,19.27,0.0004905137519460301,0.49052054794520544,0.1625
440.99,441.0,21.27,0.0005131358721203573,0.5672328767123287,0.17023
440.99,441.0,21.46,0.000569641192917055,0.6438356164383562,0.17337
440.99,441.0,22.15,0.0005802031602708804,0.6794520547945205,0.17949
440.99,441.0,25.7,0.0006433151750972762,0.8931506849315068,0.17899
440.99,441.0,27.78,0.0006162634989200864,0.9287671232876712,0.18011
468.99,469.0,5.44,0.00026648897058823527,0.06301369863013699,0.11417
468.99,469.0,5.88,0.0002682142857142857,0.0684931506849315,0.11817
468.99,469.0,6.14,0.0002864169381107492,0.07671232876712329,0.11614
468.99,469.0,6.57,0.0002860426179604262,0.0821917808219178,0.12124
468.99,469.0,7.01,0.0002853922967189729,0.08767123287671233,0.12516
468.99,469.0,7.92,0.0002879924242424242,0.10684931506849316,0.13505
468.99,469.0,8.39,0.00030787842669845054,0.1232876712328767,0.13472
468.99,469.0,9.28,0.0003277047413793104,0.14520547945205478,0.13713
468.99,469.0,11.65,0.0003685665236051502,0.20273972602739726,0.14455
468.99,469.0,14.8,0.00040261486486486487,0.27945205479452057,0.15445
468.99,469.0,17.0,0.000437035294117647,0.35605479452054795,0.16256
468.99,469.0,17.8,0.0004558314606741573,0.39167123287671235,0.16046
468.99,469.0,19.49,0.00045533093894304776,0.430027397260274,0.16628
468.99,469.0,21.8,0.0004992614678899082,0.5286575342465754,0.17301
468.99,469.0,24.36,0.0005031198686371101,0.6053698630136987,0.18038
468.99,469.0,25.36,0.0005099605678233438,0.640986301369863,0.17359
468.99,469.0,29.42,0.000575231135282121,0.8546849315068492,0.18616
468.99,469.0,29.99,0.0005881560520173391,0.8930410958904109,0.18559
419.99,420.0,5.46,0.0002230952380952381,0.06027397260273973,0.12507
419.99,420.0,5.75,0.0002402608695652174,0.0684931506849315,0.1245
419.99,420.0,6.09,0.00024390804597701151,0.07397260273972603,0.12796
419.99,420.0,6.54,0.00024389908256880737,0.07945205479452055,0.13144
419.99,420.0,6.68,0.00027221556886227545,0.09041095890410959,0.13008
419.99,420.0,6.99,0.0002675107296137339,0.09315068493150686,0.1314
419.99,420.0,7.39,0.00026840324763193504,0.09863013698630137,0.13451
419.99,420.0,8.3,0.0002839759036144578,0.1178082191780822,0.13924
419.99,420.0,8.94,0.0002907158836689038,0.136986301369863,0.14556
419.99,420.0,9.83,0.0003219735503560529,0.16986301369863013,0.14588
419.99,420.0,11.36,0.0003492869718309859,0.2136986301369863,0.15086
419.99,420.0,14.62,0.0003949179206566348,0.3095890410958904,0.1606
419.99,420.0,16.63,0.00042285027059530973,0.3863013698630137,0.16648
419.99,420.0,17.3,0.0004413236994219653,0.42191780821917807,0.16641
419.99,420.0,18.35,0.0004541852861035422,0.46301369863013697,0.1692
419.99,420.0,20.53,0.0004902289332683877,0.559013698630137,0.17297
419.99,420.0,22.17,0.000505597654488047,0.6357260273972603,0.17606
419.99,420.0,21.13,0.0005604495977283482,0.6740821917808218,0.17358
419.99,420.0,22.78,0.0005628797190517998,0.7316164383561644,0.17436
419.99,420.0,23.1,0.0006132467532467533,0.8083287671232877,0.17955
419.99,420.0,26.45,0.0005789867674858223,0.8849315068493151,0.18043
419.99,420.0,27.18,0.0005839735099337748,0.9205479452054794,0.1801
419.99,420.0,28.5,0.0006745017543859649,1.1342465753424658,0.18143
419.99,420.0,34.23,0.0006716593631317559,1.3835616438356164,0.18696
419.99,420.0,35.48,0.0007506708004509584,1.632986301369863,0.18489
419.99,420.0,38.4,0.0007284635416666666,1.728876712328767,0.18782
419.99,420.0,39.99,0.0007591047761940485,1.8821917808219177,0.18964
419.99,420.0,46.45,0.0008871496232508072,2.6302465753424658,0.19527
387.49,387.5,5.29,0.0001674291115311909,0.043835616438356165,0.15705
387.49,387.5,7.5,0.00021454666666666667,0.0821917808219178,0.16441
387.49,387.5,8.48,0.00023225235849056602,0.10136986301369863,0.16793
